{
    "name": "bootpag",
    "title": "Bootpag",
    "description": "bootpag - dynamic pagination jQuery plugin. Works well with twitter bootstrap or standalone.",
    "keywords": [
        "pagination"
    ],
    "version": "1.0.4",
    "author": {
        "name": "Botmonster",
        "url": "http://blog.botmonster.com"
    },
    "maintainers": [
        {
            "name": "Botmonster",
            "email": "botmonster@7items.com",
            "url": "http://blog.botmonster.com"
        }
    ],
    "licenses": [
        {
            "type": "MIT",
            "url": "https://github.com/botmonster/jquery-bootpag/blob/master/LICENSE.txt"
        }
    ],
    "bugs": "https://github.com/botmonster/jquery-bootpag/issues",
    "homepage": "http://botmonster.github.com/jquery-bootpag",
    "docs": "http://botmonster.github.com/jquery-bootpag",
    "download": "https://github.com/botmonster/jquery-bootpag/zipball/master",
    "dependencies": {
        "jquery": ">=1.6"
    }
}